{"background": [1, 1, 1], "camera": {"focalPoint": [2.5, 5, 1.5], "position": [19.3843, -6.75305, 10.2683], "viewUp": [-0.303079, 0.250543, 0.919441]}, "centerOfRotation": [2.5, 5, 1.5], "scene": [{"name": "Aperture", "type": "httpDataSetReader", "httpDataSetReader": {"url": "Aperture"}, "actor": {"origin": [0, 0, 0], "scale": [1, 1, 1], "position": [0, 0, 0]}, "actorRotation": [0, 0, 0, 1], "mapper": {"colorByArrayName": "", "colorMode": 0, "scalarMode": 4}, "property": {"representation": 2, "edgeVisibility": 0, "diffuseColor": [0.24705882352941178, 0.7019607843137254, 1.0], "pointSize": 5, "opacity": 0.4980392156862745}}, {"name": "Shade", "type": "httpDataSetReader", "httpDataSetReader": {"url": "Shade"}, "actor": {"origin": [0, 0, 0], "scale": [1, 1, 1], "position": [0, 0, 0]}, "actorRotation": [0, 0, 0, 1], "mapper": {"colorByArrayName": "", "colorMode": 0, "scalarMode": 4}, "property": {"representation": 2, "edgeVisibility": 0, "diffuseColor": [0.4666666666666667, 0.2901960784313726, 0.7411764705882353], "pointSize": 5, "opacity": 1.0}}, {"name": "Wall", "type": "httpDataSetReader", "httpDataSetReader": {"url": "Wall"}, "actor": {"origin": [0, 0, 0], "scale": [1, 1, 1], "position": [0, 0, 0]}, "actorRotation": [0, 0, 0, 1], "mapper": {"colorByArrayName": "", "colorMode": 0, "scalarMode": 4}, "property": {"representation": 2, "edgeVisibility": 0, "diffuseColor": [0.8980392156862745, 0.7019607843137254, 0.23137254901960785], "pointSize": 5, "opacity": 1.0}}, {"name": "Floor", "type": "httpDataSetReader", "httpDataSetReader": {"url": "Floor"}, "actor": {"origin": [0, 0, 0], "scale": [1, 1, 1], "position": [0, 0, 0]}, "actorRotation": [0, 0, 0, 1], "mapper": {"colorByArrayName": "", "colorMode": 0, "scalarMode": 4}, "property": {"representation": 2, "edgeVisibility": 0, "diffuseColor": [1.0, 0.4980392156862745, 0.4980392156862745], "pointSize": 5, "opacity": 1.0}}, {"name": "RoofCeiling", "type": "httpDataSetReader", "httpDataSetReader": {"url": "RoofCeiling"}, "actor": {"origin": [0, 0, 0], "scale": [1, 1, 1], "position": [0, 0, 0]}, "actorRotation": [0, 0, 0, 1], "mapper": {"colorByArrayName": "", "colorMode": 0, "scalarMode": 4}, "property": {"representation": 2, "edgeVisibility": 0, "diffuseColor": [0.4980392156862745, 0.07450980392156863, 0.07450980392156863], "pointSize": 5, "opacity": 1.0}}, {"name": "Grid", "type": "httpDataSetReader", "httpDataSetReader": {"url": "Grid"}, "actor": {"origin": [0, 0, 0], "scale": [1, 1, 1], "position": [0, 0, 0]}, "actorRotation": [0, 0, 0, 1], "mapper": {"colorByArrayName": "UDI", "colorMode": 0, "scalarMode": 4}, "property": {"representation": 2, "edgeVisibility": 1, "diffuseColor": [0.9215686274509803, 0.24705882352941178, 0.4], "pointSize": 5, "opacity": 1.0}}], "lookupTables": {}, "version": 1}